[{"Title":"Dangal","Year":2016,"Color":true,"Actors":["Aamir Khan","Babita Phogat","Geeta Phogat"]},{"Title":"Davara","Year":2024,"Color":true,"Actors":["Jr. NTR","Janvi Kapoor","Prakash Raj"]},{"Title":"Lagaan","Year":2000,"Color":true,"Actors":["Aamir Khan","Kachara","Gola"]},{"Title":"Om Shanti Om","Year":2002,"Color":true,"Actors":["Shakrukh Khan","Deepika Padukon","Arjun Rampal"]},{"Title":"Maya Bazaar","Year":1960,"Color":false,"Actors":["Sr. NTR","Savitari","ANR"]},{"Title":"OG","Year":2025,"Color":true,"Actors":["Pavan Kalyan","Prinyaka Mohan","Arjun Das"]},{"Title":"GOAT","Year":2024,"Color":true,"Actors":["Talapati Vijay","Sneha","Trisha"]}]